-- phpMyAdmin SQL Dump
-- version 5.0.1
-- https://www.phpmyadmin.net/
--
-- Host: 127.0.0.1
-- Generation Time: Mar 14, 2020 at 05:09 PM
-- Server version: 10.4.11-MariaDB
-- PHP Version: 7.4.3

SET SQL_MODE = "NO_AUTO_VALUE_ON_ZERO";
SET AUTOCOMMIT = 0;
START TRANSACTION;
SET time_zone = "+00:00";


/*!40101 SET @OLD_CHARACTER_SET_CLIENT=@@CHARACTER_SET_CLIENT */;
/*!40101 SET @OLD_CHARACTER_SET_RESULTS=@@CHARACTER_SET_RESULTS */;
/*!40101 SET @OLD_COLLATION_CONNECTION=@@COLLATION_CONNECTION */;
/*!40101 SET NAMES utf8mb4 */;

--
-- Database: `rental`
--

-- --------------------------------------------------------

--
-- Table structure for table `rental_detail`
--

CREATE TABLE `rental_detail` (
  `rentid` varchar(50) COLLATE utf8_unicode_ci NOT NULL,
  `student_id` varchar(15) COLLATE utf8_unicode_ci NOT NULL,
  `student_first_name` varchar(200) COLLATE utf8_unicode_ci NOT NULL,
  `student_last_name` varchar(200) COLLATE utf8_unicode_ci NOT NULL,
  `advicer` varchar(500) COLLATE utf8_unicode_ci NOT NULL,
  `reason` text COLLATE utf8_unicode_ci NOT NULL,
  `room_number` varchar(5) COLLATE utf8_unicode_ci NOT NULL,
  `approve` int(3) NOT NULL,
  `date` date NOT NULL,
  `time` text COLLATE utf8_unicode_ci NOT NULL,
  `email` varchar(200) COLLATE utf8_unicode_ci NOT NULL
) ENGINE=InnoDB DEFAULT CHARSET=utf8 COLLATE=utf8_unicode_ci;

--
-- Dumping data for table `rental_detail`
--

INSERT INTO `rental_detail` (`rentid`, `student_id`, `student_first_name`, `student_last_name`, `advicer`, `reason`, `room_number`, `approve`, `date`, `time`, `email`) VALUES
('A303202003140809', '59122037-1', 'sdthtsr', 'sdgsrt', 'dhsrthsd', '<p>ehgfjrshaergdfdfdhahsr</p>\r\n', 'A303', 2, '2020-03-14', 'ตั้งแต่ 08:00:00 โมง จนถึง 09:00:00 เป็นเวลา 1 hour', 'gsrth'),
('A310202003140809', '59122037-1', 'จารุพงษ์ ', 'สุธิกุลไพบูลย์', 'อ.ภูวดล', '<p>ต้องการใช้ห้องเรียน</p>\r\n', 'A310', 2, '2020-03-14', 'ตั้งแต่ 08:00:00 โมง จนถึง 09:00:00 เป็นเวลา 1 ชั่วโมง', 'su.jarupong_st@tni.ac.th'),
('A310202003140910', '001', 'kls;akdemkl', 'joiegdfj', 'jdfgjpb[', '<p>jopidjbksf;lkb;ajkogjero;g;adfg</p>\r\n', 'A310', 1, '2020-03-14', 'ตั้งแต่ 09:00:00 โมง จนถึง 10:00:00 เป็นเวลา 1 ชั่วโมง', 'nldfsjklj'),
('A313202003100809', '59122156-9', 'Tisatorn', 'Jornpradit', 'pwin', '<p>tsset</p>\r\n', 'A313', 2, '2020-03-10', 'From 08:00:00 to 09:00:00 for 1 hour', 'voltexeez@gmail.com'),
('A603202003110910', '59122156-9', 'Tisatorn', 'Jornpradit', 'pwin', '<p>test what the fuck t</p>\r\n', 'A603', 1, '2020-03-11', 'From 09:00:00 to 10:00:00 for 1 hour', 'voltexeez@gmail.com');

-- --------------------------------------------------------

--
-- Table structure for table `rental_time`
--

CREATE TABLE `rental_time` (
  `ID` varchar(50) COLLATE utf8_unicode_ci NOT NULL,
  `time_duration` varchar(10) COLLATE utf8_unicode_ci NOT NULL,
  `time_start` time NOT NULL,
  `time_end` time NOT NULL,
  `room_number` varchar(11) COLLATE utf8_unicode_ci NOT NULL,
  `building` varchar(11) COLLATE utf8_unicode_ci NOT NULL,
  `date` date NOT NULL,
  `available` int(2) NOT NULL
) ENGINE=InnoDB DEFAULT CHARSET=utf8 COLLATE=utf8_unicode_ci;

--
-- Dumping data for table `rental_time`
--

INSERT INTO `rental_time` (`ID`, `time_duration`, `time_start`, `time_end`, `room_number`, `building`, `date`, `available`) VALUES
('A303202003140809', '1 ชั่วโมง', '08:00:00', '09:00:00', 'A303', 'A', '2020-03-14', 0),
('A303202003140910', '1 ชั่วโมง', '09:00:00', '10:00:00', 'A303', 'A', '2020-03-14', 0),
('A303202003141011', '1 ชั่วโมง', '10:00:00', '11:00:00', 'A303', 'A', '2020-03-14', 0),
('A303202003141112', '1 ชั่วโมง', '11:00:00', '12:00:00', 'A303', 'A', '2020-03-14', 0),
('A303202003141213', '1 ชั่วโมง', '12:00:00', '13:00:00', 'A303', 'A', '2020-03-14', 0),
('A303202003141314', '1 ชั่วโมง', '13:00:00', '14:00:00', 'A303', 'A', '2020-03-14', 0),
('A303202003141415', '1 ชั่วโมง', '14:00:00', '15:00:00', 'A303', 'A', '2020-03-14', 0),
('A303202003141516', '1 ชั่วโมง', '15:00:00', '16:00:00', 'A303', 'A', '2020-03-14', 0),
('A303202003141617', '1 ชั่วโมง', '16:00:00', '17:00:00', 'A303', 'A', '2020-03-14', 0),
('A303202003150809', '1 ชั่วโมง', '08:00:00', '09:00:00', 'A303', 'A', '2020-03-15', 0),
('A303202003150910', '1 ชั่วโมง', '09:00:00', '10:00:00', 'A303', 'A', '2020-03-15', 0),
('A303202003151011', '1 ชั่วโมง', '10:00:00', '11:00:00', 'A303', 'A', '2020-03-15', 0),
('A303202003151112', '1 ชั่วโมง', '11:00:00', '12:00:00', 'A303', 'A', '2020-03-15', 0),
('A303202003151213', '1 ชั่วโมง', '12:00:00', '13:00:00', 'A303', 'A', '2020-03-15', 0),
('A303202003151314', '1 ชั่วโมง', '13:00:00', '14:00:00', 'A303', 'A', '2020-03-15', 0),
('A303202003151415', '1 ชั่วโมง', '14:00:00', '15:00:00', 'A303', 'A', '2020-03-15', 0),
('A303202003151516', '1 ชั่วโมง', '15:00:00', '16:00:00', 'A303', 'A', '2020-03-15', 0),
('A303202003151617', '1 ชั่วโมง', '16:00:00', '17:00:00', 'A303', 'A', '2020-03-15', 0),
('A303202003160809', '1 ชั่วโมง', '08:00:00', '09:00:00', 'A303', 'A', '2020-03-16', 0),
('A303202003160910', '1 ชั่วโมง', '09:00:00', '10:00:00', 'A303', 'A', '2020-03-16', 0),
('A303202003161011', '1 ชั่วโมง', '10:00:00', '11:00:00', 'A303', 'A', '2020-03-16', 0),
('A303202003161112', '1 ชั่วโมง', '11:00:00', '12:00:00', 'A303', 'A', '2020-03-16', 0),
('A303202003161213', '1 ชั่วโมง', '12:00:00', '13:00:00', 'A303', 'A', '2020-03-16', 0),
('A303202003161314', '1 ชั่วโมง', '13:00:00', '14:00:00', 'A303', 'A', '2020-03-16', 0),
('A303202003161415', '1 ชั่วโมง', '14:00:00', '15:00:00', 'A303', 'A', '2020-03-16', 0),
('A303202003161516', '1 ชั่วโมง', '15:00:00', '16:00:00', 'A303', 'A', '2020-03-16', 0),
('A303202003161617', '1 ชั่วโมง', '16:00:00', '17:00:00', 'A303', 'A', '2020-03-16', 0),
('A303202003170809', '1 ชั่วโมง', '08:00:00', '09:00:00', 'A303', 'A', '2020-03-17', 0),
('A303202003170910', '1 ชั่วโมง', '09:00:00', '10:00:00', 'A303', 'A', '2020-03-17', 0),
('A303202003171011', '1 ชั่วโมง', '10:00:00', '11:00:00', 'A303', 'A', '2020-03-17', 0),
('A303202003171112', '1 ชั่วโมง', '11:00:00', '12:00:00', 'A303', 'A', '2020-03-17', 0),
('A303202003171213', '1 ชั่วโมง', '12:00:00', '13:00:00', 'A303', 'A', '2020-03-17', 0),
('A303202003171314', '1 ชั่วโมง', '13:00:00', '14:00:00', 'A303', 'A', '2020-03-17', 0),
('A303202003171415', '1 ชั่วโมง', '14:00:00', '15:00:00', 'A303', 'A', '2020-03-17', 0),
('A303202003171516', '1 ชั่วโมง', '15:00:00', '16:00:00', 'A303', 'A', '2020-03-17', 0),
('A303202003171617', '1 ชั่วโมง', '16:00:00', '17:00:00', 'A303', 'A', '2020-03-17', 0),
('A303202003180809', '1 ชั่วโมง', '08:00:00', '09:00:00', 'A303', 'A', '2020-03-18', 0),
('A303202003180910', '1 ชั่วโมง', '09:00:00', '10:00:00', 'A303', 'A', '2020-03-18', 0),
('A303202003181011', '1 ชั่วโมง', '10:00:00', '11:00:00', 'A303', 'A', '2020-03-18', 0),
('A303202003181112', '1 ชั่วโมง', '11:00:00', '12:00:00', 'A303', 'A', '2020-03-18', 0),
('A303202003181213', '1 ชั่วโมง', '12:00:00', '13:00:00', 'A303', 'A', '2020-03-18', 0),
('A303202003181314', '1 ชั่วโมง', '13:00:00', '14:00:00', 'A303', 'A', '2020-03-18', 0),
('A303202003181415', '1 ชั่วโมง', '14:00:00', '15:00:00', 'A303', 'A', '2020-03-18', 0),
('A303202003181516', '1 ชั่วโมง', '15:00:00', '16:00:00', 'A303', 'A', '2020-03-18', 0),
('A303202003181617', '1 ชั่วโมง', '16:00:00', '17:00:00', 'A303', 'A', '2020-03-18', 0),
('A303202003190809', '1 ชั่วโมง', '08:00:00', '09:00:00', 'A303', 'A', '2020-03-19', 0),
('A303202003190910', '1 ชั่วโมง', '09:00:00', '10:00:00', 'A303', 'A', '2020-03-19', 0),
('A303202003191011', '1 ชั่วโมง', '10:00:00', '11:00:00', 'A303', 'A', '2020-03-19', 0),
('A303202003191112', '1 ชั่วโมง', '11:00:00', '12:00:00', 'A303', 'A', '2020-03-19', 0),
('A303202003191213', '1 ชั่วโมง', '12:00:00', '13:00:00', 'A303', 'A', '2020-03-19', 0),
('A303202003191314', '1 ชั่วโมง', '13:00:00', '14:00:00', 'A303', 'A', '2020-03-19', 0),
('A303202003191415', '1 ชั่วโมง', '14:00:00', '15:00:00', 'A303', 'A', '2020-03-19', 0),
('A303202003191516', '1 ชั่วโมง', '15:00:00', '16:00:00', 'A303', 'A', '2020-03-19', 0),
('A303202003191617', '1 ชั่วโมง', '16:00:00', '17:00:00', 'A303', 'A', '2020-03-19', 0),
('A303202003200809', '1 ชั่วโมง', '08:00:00', '09:00:00', 'A303', 'A', '2020-03-20', 0),
('A303202003200910', '1 ชั่วโมง', '09:00:00', '10:00:00', 'A303', 'A', '2020-03-20', 0),
('A303202003201011', '1 ชั่วโมง', '10:00:00', '11:00:00', 'A303', 'A', '2020-03-20', 0),
('A303202003201112', '1 ชั่วโมง', '11:00:00', '12:00:00', 'A303', 'A', '2020-03-20', 0),
('A303202003201213', '1 ชั่วโมง', '12:00:00', '13:00:00', 'A303', 'A', '2020-03-20', 0),
('A303202003201314', '1 ชั่วโมง', '13:00:00', '14:00:00', 'A303', 'A', '2020-03-20', 0),
('A303202003201415', '1 ชั่วโมง', '14:00:00', '15:00:00', 'A303', 'A', '2020-03-20', 0),
('A303202003201516', '1 ชั่วโมง', '15:00:00', '16:00:00', 'A303', 'A', '2020-03-20', 0),
('A303202003201617', '1 ชั่วโมง', '16:00:00', '17:00:00', 'A303', 'A', '2020-03-20', 0),
('A304202003140809', '1 ชั่วโมง', '08:00:00', '09:00:00', 'A304', 'A', '2020-03-14', 0),
('A304202003140910', '1 ชั่วโมง', '09:00:00', '10:00:00', 'A304', 'A', '2020-03-14', 0),
('A304202003141011', '1 ชั่วโมง', '10:00:00', '11:00:00', 'A304', 'A', '2020-03-14', 0),
('A304202003141112', '1 ชั่วโมง', '11:00:00', '12:00:00', 'A304', 'A', '2020-03-14', 0),
('A304202003141213', '1 ชั่วโมง', '12:00:00', '13:00:00', 'A304', 'A', '2020-03-14', 0),
('A304202003141314', '1 ชั่วโมง', '13:00:00', '14:00:00', 'A304', 'A', '2020-03-14', 0),
('A304202003141415', '1 ชั่วโมง', '14:00:00', '15:00:00', 'A304', 'A', '2020-03-14', 0),
('A304202003141516', '1 ชั่วโมง', '15:00:00', '16:00:00', 'A304', 'A', '2020-03-14', 0),
('A304202003141617', '1 ชั่วโมง', '16:00:00', '17:00:00', 'A304', 'A', '2020-03-14', 0),
('A304202003150809', '1 ชั่วโมง', '08:00:00', '09:00:00', 'A304', 'A', '2020-03-15', 0),
('A304202003150910', '1 ชั่วโมง', '09:00:00', '10:00:00', 'A304', 'A', '2020-03-15', 0),
('A304202003151011', '1 ชั่วโมง', '10:00:00', '11:00:00', 'A304', 'A', '2020-03-15', 0),
('A304202003151112', '1 ชั่วโมง', '11:00:00', '12:00:00', 'A304', 'A', '2020-03-15', 0),
('A304202003151213', '1 ชั่วโมง', '12:00:00', '13:00:00', 'A304', 'A', '2020-03-15', 0),
('A304202003151314', '1 ชั่วโมง', '13:00:00', '14:00:00', 'A304', 'A', '2020-03-15', 0),
('A304202003151415', '1 ชั่วโมง', '14:00:00', '15:00:00', 'A304', 'A', '2020-03-15', 0),
('A304202003151516', '1 ชั่วโมง', '15:00:00', '16:00:00', 'A304', 'A', '2020-03-15', 0),
('A304202003151617', '1 ชั่วโมง', '16:00:00', '17:00:00', 'A304', 'A', '2020-03-15', 0),
('A304202003160809', '1 ชั่วโมง', '08:00:00', '09:00:00', 'A304', 'A', '2020-03-16', 0),
('A304202003160910', '1 ชั่วโมง', '09:00:00', '10:00:00', 'A304', 'A', '2020-03-16', 0),
('A304202003161011', '1 ชั่วโมง', '10:00:00', '11:00:00', 'A304', 'A', '2020-03-16', 0),
('A304202003161112', '1 ชั่วโมง', '11:00:00', '12:00:00', 'A304', 'A', '2020-03-16', 0),
('A304202003161213', '1 ชั่วโมง', '12:00:00', '13:00:00', 'A304', 'A', '2020-03-16', 0),
('A304202003161314', '1 ชั่วโมง', '13:00:00', '14:00:00', 'A304', 'A', '2020-03-16', 0),
('A304202003161415', '1 ชั่วโมง', '14:00:00', '15:00:00', 'A304', 'A', '2020-03-16', 0),
('A304202003161516', '1 ชั่วโมง', '15:00:00', '16:00:00', 'A304', 'A', '2020-03-16', 0),
('A304202003161617', '1 ชั่วโมง', '16:00:00', '17:00:00', 'A304', 'A', '2020-03-16', 0),
('A304202003170809', '1 ชั่วโมง', '08:00:00', '09:00:00', 'A304', 'A', '2020-03-17', 0),
('A304202003170910', '1 ชั่วโมง', '09:00:00', '10:00:00', 'A304', 'A', '2020-03-17', 0),
('A304202003171011', '1 ชั่วโมง', '10:00:00', '11:00:00', 'A304', 'A', '2020-03-17', 0),
('A304202003171112', '1 ชั่วโมง', '11:00:00', '12:00:00', 'A304', 'A', '2020-03-17', 0),
('A304202003171213', '1 ชั่วโมง', '12:00:00', '13:00:00', 'A304', 'A', '2020-03-17', 0),
('A304202003171314', '1 ชั่วโมง', '13:00:00', '14:00:00', 'A304', 'A', '2020-03-17', 0),
('A304202003171415', '1 ชั่วโมง', '14:00:00', '15:00:00', 'A304', 'A', '2020-03-17', 0),
('A304202003171516', '1 ชั่วโมง', '15:00:00', '16:00:00', 'A304', 'A', '2020-03-17', 0),
('A304202003171617', '1 ชั่วโมง', '16:00:00', '17:00:00', 'A304', 'A', '2020-03-17', 0),
('A304202003180809', '1 ชั่วโมง', '08:00:00', '09:00:00', 'A304', 'A', '2020-03-18', 0),
('A304202003180910', '1 ชั่วโมง', '09:00:00', '10:00:00', 'A304', 'A', '2020-03-18', 0),
('A304202003181011', '1 ชั่วโมง', '10:00:00', '11:00:00', 'A304', 'A', '2020-03-18', 0),
('A304202003181112', '1 ชั่วโมง', '11:00:00', '12:00:00', 'A304', 'A', '2020-03-18', 0),
('A304202003181213', '1 ชั่วโมง', '12:00:00', '13:00:00', 'A304', 'A', '2020-03-18', 0),
('A304202003181314', '1 ชั่วโมง', '13:00:00', '14:00:00', 'A304', 'A', '2020-03-18', 0),
('A304202003181415', '1 ชั่วโมง', '14:00:00', '15:00:00', 'A304', 'A', '2020-03-18', 0),
('A304202003181516', '1 ชั่วโมง', '15:00:00', '16:00:00', 'A304', 'A', '2020-03-18', 0),
('A304202003181617', '1 ชั่วโมง', '16:00:00', '17:00:00', 'A304', 'A', '2020-03-18', 0),
('A304202003190809', '1 ชั่วโมง', '08:00:00', '09:00:00', 'A304', 'A', '2020-03-19', 0),
('A304202003190910', '1 ชั่วโมง', '09:00:00', '10:00:00', 'A304', 'A', '2020-03-19', 0),
('A304202003191011', '1 ชั่วโมง', '10:00:00', '11:00:00', 'A304', 'A', '2020-03-19', 0),
('A304202003191112', '1 ชั่วโมง', '11:00:00', '12:00:00', 'A304', 'A', '2020-03-19', 0),
('A304202003191213', '1 ชั่วโมง', '12:00:00', '13:00:00', 'A304', 'A', '2020-03-19', 0),
('A304202003191314', '1 ชั่วโมง', '13:00:00', '14:00:00', 'A304', 'A', '2020-03-19', 0),
('A304202003191415', '1 ชั่วโมง', '14:00:00', '15:00:00', 'A304', 'A', '2020-03-19', 0),
('A304202003191516', '1 ชั่วโมง', '15:00:00', '16:00:00', 'A304', 'A', '2020-03-19', 0),
('A304202003191617', '1 ชั่วโมง', '16:00:00', '17:00:00', 'A304', 'A', '2020-03-19', 0),
('A304202003200809', '1 ชั่วโมง', '08:00:00', '09:00:00', 'A304', 'A', '2020-03-20', 0),
('A304202003200910', '1 ชั่วโมง', '09:00:00', '10:00:00', 'A304', 'A', '2020-03-20', 0),
('A304202003201011', '1 ชั่วโมง', '10:00:00', '11:00:00', 'A304', 'A', '2020-03-20', 0),
('A304202003201112', '1 ชั่วโมง', '11:00:00', '12:00:00', 'A304', 'A', '2020-03-20', 0),
('A304202003201213', '1 ชั่วโมง', '12:00:00', '13:00:00', 'A304', 'A', '2020-03-20', 0),
('A304202003201314', '1 ชั่วโมง', '13:00:00', '14:00:00', 'A304', 'A', '2020-03-20', 0),
('A304202003201415', '1 ชั่วโมง', '14:00:00', '15:00:00', 'A304', 'A', '2020-03-20', 0),
('A304202003201516', '1 ชั่วโมง', '15:00:00', '16:00:00', 'A304', 'A', '2020-03-20', 0),
('A304202003201617', '1 ชั่วโมง', '16:00:00', '17:00:00', 'A304', 'A', '2020-03-20', 0),
('A310202003140809', '1 ชั่วโมง', '08:00:00', '09:00:00', 'A310', 'A', '2020-03-14', 2),
('A310202003140910', '1 ชั่วโมง', '09:00:00', '10:00:00', 'A310', 'A', '2020-03-14', 1),
('A310202003141011', '1 ชั่วโมง', '10:00:00', '11:00:00', 'A310', 'A', '2020-03-14', 0),
('A310202003141112', '1 ชั่วโมง', '11:00:00', '12:00:00', 'A310', 'A', '2020-03-14', 0),
('A310202003141213', '1 ชั่วโมง', '12:00:00', '13:00:00', 'A310', 'A', '2020-03-14', 0),
('A310202003141314', '1 ชั่วโมง', '13:00:00', '14:00:00', 'A310', 'A', '2020-03-14', 0),
('A310202003141415', '1 ชั่วโมง', '14:00:00', '15:00:00', 'A310', 'A', '2020-03-14', 0),
('A310202003141516', '1 ชั่วโมง', '15:00:00', '16:00:00', 'A310', 'A', '2020-03-14', 0),
('A310202003141617', '1 ชั่วโมง', '16:00:00', '17:00:00', 'A310', 'A', '2020-03-14', 0),
('A310202003150809', '1 ชั่วโมง', '08:00:00', '09:00:00', 'A310', 'A', '2020-03-15', 0),
('A310202003150910', '1 ชั่วโมง', '09:00:00', '10:00:00', 'A310', 'A', '2020-03-15', 0),
('A310202003151011', '1 ชั่วโมง', '10:00:00', '11:00:00', 'A310', 'A', '2020-03-15', 0),
('A310202003151112', '1 ชั่วโมง', '11:00:00', '12:00:00', 'A310', 'A', '2020-03-15', 0),
('A310202003151213', '1 ชั่วโมง', '12:00:00', '13:00:00', 'A310', 'A', '2020-03-15', 0),
('A310202003151314', '1 ชั่วโมง', '13:00:00', '14:00:00', 'A310', 'A', '2020-03-15', 0),
('A310202003151415', '1 ชั่วโมง', '14:00:00', '15:00:00', 'A310', 'A', '2020-03-15', 0),
('A310202003151516', '1 ชั่วโมง', '15:00:00', '16:00:00', 'A310', 'A', '2020-03-15', 0),
('A310202003151617', '1 ชั่วโมง', '16:00:00', '17:00:00', 'A310', 'A', '2020-03-15', 0),
('A310202003160809', '1 ชั่วโมง', '08:00:00', '09:00:00', 'A310', 'A', '2020-03-16', 0),
('A310202003160910', '1 ชั่วโมง', '09:00:00', '10:00:00', 'A310', 'A', '2020-03-16', 0),
('A310202003161011', '1 ชั่วโมง', '10:00:00', '11:00:00', 'A310', 'A', '2020-03-16', 0),
('A310202003161112', '1 ชั่วโมง', '11:00:00', '12:00:00', 'A310', 'A', '2020-03-16', 0),
('A310202003161213', '1 ชั่วโมง', '12:00:00', '13:00:00', 'A310', 'A', '2020-03-16', 0),
('A310202003161314', '1 ชั่วโมง', '13:00:00', '14:00:00', 'A310', 'A', '2020-03-16', 0),
('A310202003161415', '1 ชั่วโมง', '14:00:00', '15:00:00', 'A310', 'A', '2020-03-16', 0),
('A310202003161516', '1 ชั่วโมง', '15:00:00', '16:00:00', 'A310', 'A', '2020-03-16', 0),
('A310202003161617', '1 ชั่วโมง', '16:00:00', '17:00:00', 'A310', 'A', '2020-03-16', 0),
('A310202003170809', '1 ชั่วโมง', '08:00:00', '09:00:00', 'A310', 'A', '2020-03-17', 0),
('A310202003170910', '1 ชั่วโมง', '09:00:00', '10:00:00', 'A310', 'A', '2020-03-17', 0),
('A310202003171011', '1 ชั่วโมง', '10:00:00', '11:00:00', 'A310', 'A', '2020-03-17', 0),
('A310202003171112', '1 ชั่วโมง', '11:00:00', '12:00:00', 'A310', 'A', '2020-03-17', 0),
('A310202003171213', '1 ชั่วโมง', '12:00:00', '13:00:00', 'A310', 'A', '2020-03-17', 0),
('A310202003171314', '1 ชั่วโมง', '13:00:00', '14:00:00', 'A310', 'A', '2020-03-17', 0),
('A310202003171415', '1 ชั่วโมง', '14:00:00', '15:00:00', 'A310', 'A', '2020-03-17', 0),
('A310202003171516', '1 ชั่วโมง', '15:00:00', '16:00:00', 'A310', 'A', '2020-03-17', 0),
('A310202003171617', '1 ชั่วโมง', '16:00:00', '17:00:00', 'A310', 'A', '2020-03-17', 0),
('A310202003180809', '1 ชั่วโมง', '08:00:00', '09:00:00', 'A310', 'A', '2020-03-18', 0),
('A310202003180910', '1 ชั่วโมง', '09:00:00', '10:00:00', 'A310', 'A', '2020-03-18', 0),
('A310202003181011', '1 ชั่วโมง', '10:00:00', '11:00:00', 'A310', 'A', '2020-03-18', 0),
('A310202003181112', '1 ชั่วโมง', '11:00:00', '12:00:00', 'A310', 'A', '2020-03-18', 0),
('A310202003181213', '1 ชั่วโมง', '12:00:00', '13:00:00', 'A310', 'A', '2020-03-18', 0),
('A310202003181314', '1 ชั่วโมง', '13:00:00', '14:00:00', 'A310', 'A', '2020-03-18', 0),
('A310202003181415', '1 ชั่วโมง', '14:00:00', '15:00:00', 'A310', 'A', '2020-03-18', 0),
('A310202003181516', '1 ชั่วโมง', '15:00:00', '16:00:00', 'A310', 'A', '2020-03-18', 0),
('A310202003181617', '1 ชั่วโมง', '16:00:00', '17:00:00', 'A310', 'A', '2020-03-18', 0),
('A310202003190809', '1 ชั่วโมง', '08:00:00', '09:00:00', 'A310', 'A', '2020-03-19', 0),
('A310202003190910', '1 ชั่วโมง', '09:00:00', '10:00:00', 'A310', 'A', '2020-03-19', 0),
('A310202003191011', '1 ชั่วโมง', '10:00:00', '11:00:00', 'A310', 'A', '2020-03-19', 0),
('A310202003191112', '1 ชั่วโมง', '11:00:00', '12:00:00', 'A310', 'A', '2020-03-19', 0),
('A310202003191213', '1 ชั่วโมง', '12:00:00', '13:00:00', 'A310', 'A', '2020-03-19', 0),
('A310202003191314', '1 ชั่วโมง', '13:00:00', '14:00:00', 'A310', 'A', '2020-03-19', 0),
('A310202003191415', '1 ชั่วโมง', '14:00:00', '15:00:00', 'A310', 'A', '2020-03-19', 0),
('A310202003191516', '1 ชั่วโมง', '15:00:00', '16:00:00', 'A310', 'A', '2020-03-19', 0),
('A310202003191617', '1 ชั่วโมง', '16:00:00', '17:00:00', 'A310', 'A', '2020-03-19', 0),
('A310202003200809', '1 ชั่วโมง', '08:00:00', '09:00:00', 'A310', 'A', '2020-03-20', 0),
('A310202003200910', '1 ชั่วโมง', '09:00:00', '10:00:00', 'A310', 'A', '2020-03-20', 0),
('A310202003201011', '1 ชั่วโมง', '10:00:00', '11:00:00', 'A310', 'A', '2020-03-20', 0),
('A310202003201112', '1 ชั่วโมง', '11:00:00', '12:00:00', 'A310', 'A', '2020-03-20', 0),
('A310202003201213', '1 ชั่วโมง', '12:00:00', '13:00:00', 'A310', 'A', '2020-03-20', 0),
('A310202003201314', '1 ชั่วโมง', '13:00:00', '14:00:00', 'A310', 'A', '2020-03-20', 0),
('A310202003201415', '1 ชั่วโมง', '14:00:00', '15:00:00', 'A310', 'A', '2020-03-20', 0),
('A310202003201516', '1 ชั่วโมง', '15:00:00', '16:00:00', 'A310', 'A', '2020-03-20', 0),
('A310202003201617', '1 ชั่วโมง', '16:00:00', '17:00:00', 'A310', 'A', '2020-03-20', 0),
('A314202003140809', '1 ชั่วโมง', '08:00:00', '09:00:00', 'A314', 'A', '2020-03-14', 0),
('A314202003140910', '1 ชั่วโมง', '09:00:00', '10:00:00', 'A314', 'A', '2020-03-14', 0),
('A314202003141011', '1 ชั่วโมง', '10:00:00', '11:00:00', 'A314', 'A', '2020-03-14', 0),
('A314202003141112', '1 ชั่วโมง', '11:00:00', '12:00:00', 'A314', 'A', '2020-03-14', 0),
('A314202003141213', '1 ชั่วโมง', '12:00:00', '13:00:00', 'A314', 'A', '2020-03-14', 0),
('A314202003141314', '1 ชั่วโมง', '13:00:00', '14:00:00', 'A314', 'A', '2020-03-14', 0),
('A314202003141415', '1 ชั่วโมง', '14:00:00', '15:00:00', 'A314', 'A', '2020-03-14', 0),
('A314202003141516', '1 ชั่วโมง', '15:00:00', '16:00:00', 'A314', 'A', '2020-03-14', 0),
('A314202003141617', '1 ชั่วโมง', '16:00:00', '17:00:00', 'A314', 'A', '2020-03-14', 0),
('A314202003150809', '1 ชั่วโมง', '08:00:00', '09:00:00', 'A314', 'A', '2020-03-15', 0),
('A314202003150910', '1 ชั่วโมง', '09:00:00', '10:00:00', 'A314', 'A', '2020-03-15', 0),
('A314202003151011', '1 ชั่วโมง', '10:00:00', '11:00:00', 'A314', 'A', '2020-03-15', 0),
('A314202003151112', '1 ชั่วโมง', '11:00:00', '12:00:00', 'A314', 'A', '2020-03-15', 0),
('A314202003151213', '1 ชั่วโมง', '12:00:00', '13:00:00', 'A314', 'A', '2020-03-15', 0),
('A314202003151314', '1 ชั่วโมง', '13:00:00', '14:00:00', 'A314', 'A', '2020-03-15', 0),
('A314202003151415', '1 ชั่วโมง', '14:00:00', '15:00:00', 'A314', 'A', '2020-03-15', 0),
('A314202003151516', '1 ชั่วโมง', '15:00:00', '16:00:00', 'A314', 'A', '2020-03-15', 0),
('A314202003151617', '1 ชั่วโมง', '16:00:00', '17:00:00', 'A314', 'A', '2020-03-15', 0),
('A314202003160809', '1 ชั่วโมง', '08:00:00', '09:00:00', 'A314', 'A', '2020-03-16', 0),
('A314202003160910', '1 ชั่วโมง', '09:00:00', '10:00:00', 'A314', 'A', '2020-03-16', 0),
('A314202003161011', '1 ชั่วโมง', '10:00:00', '11:00:00', 'A314', 'A', '2020-03-16', 0),
('A314202003161112', '1 ชั่วโมง', '11:00:00', '12:00:00', 'A314', 'A', '2020-03-16', 0),
('A314202003161213', '1 ชั่วโมง', '12:00:00', '13:00:00', 'A314', 'A', '2020-03-16', 0),
('A314202003161314', '1 ชั่วโมง', '13:00:00', '14:00:00', 'A314', 'A', '2020-03-16', 0),
('A314202003161415', '1 ชั่วโมง', '14:00:00', '15:00:00', 'A314', 'A', '2020-03-16', 0),
('A314202003161516', '1 ชั่วโมง', '15:00:00', '16:00:00', 'A314', 'A', '2020-03-16', 0),
('A314202003161617', '1 ชั่วโมง', '16:00:00', '17:00:00', 'A314', 'A', '2020-03-16', 0),
('A314202003170809', '1 ชั่วโมง', '08:00:00', '09:00:00', 'A314', 'A', '2020-03-17', 0),
('A314202003170910', '1 ชั่วโมง', '09:00:00', '10:00:00', 'A314', 'A', '2020-03-17', 0),
('A314202003171011', '1 ชั่วโมง', '10:00:00', '11:00:00', 'A314', 'A', '2020-03-17', 0),
('A314202003171112', '1 ชั่วโมง', '11:00:00', '12:00:00', 'A314', 'A', '2020-03-17', 0),
('A314202003171213', '1 ชั่วโมง', '12:00:00', '13:00:00', 'A314', 'A', '2020-03-17', 0),
('A314202003171314', '1 ชั่วโมง', '13:00:00', '14:00:00', 'A314', 'A', '2020-03-17', 0),
('A314202003171415', '1 ชั่วโมง', '14:00:00', '15:00:00', 'A314', 'A', '2020-03-17', 0),
('A314202003171516', '1 ชั่วโมง', '15:00:00', '16:00:00', 'A314', 'A', '2020-03-17', 0),
('A314202003171617', '1 ชั่วโมง', '16:00:00', '17:00:00', 'A314', 'A', '2020-03-17', 0),
('A314202003180809', '1 ชั่วโมง', '08:00:00', '09:00:00', 'A314', 'A', '2020-03-18', 0),
('A314202003180910', '1 ชั่วโมง', '09:00:00', '10:00:00', 'A314', 'A', '2020-03-18', 0),
('A314202003181011', '1 ชั่วโมง', '10:00:00', '11:00:00', 'A314', 'A', '2020-03-18', 0),
('A314202003181112', '1 ชั่วโมง', '11:00:00', '12:00:00', 'A314', 'A', '2020-03-18', 0),
('A314202003181213', '1 ชั่วโมง', '12:00:00', '13:00:00', 'A314', 'A', '2020-03-18', 0),
('A314202003181314', '1 ชั่วโมง', '13:00:00', '14:00:00', 'A314', 'A', '2020-03-18', 0),
('A314202003181415', '1 ชั่วโมง', '14:00:00', '15:00:00', 'A314', 'A', '2020-03-18', 0),
('A314202003181516', '1 ชั่วโมง', '15:00:00', '16:00:00', 'A314', 'A', '2020-03-18', 0),
('A314202003181617', '1 ชั่วโมง', '16:00:00', '17:00:00', 'A314', 'A', '2020-03-18', 0),
('A314202003190809', '1 ชั่วโมง', '08:00:00', '09:00:00', 'A314', 'A', '2020-03-19', 0),
('A314202003190910', '1 ชั่วโมง', '09:00:00', '10:00:00', 'A314', 'A', '2020-03-19', 0),
('A314202003191011', '1 ชั่วโมง', '10:00:00', '11:00:00', 'A314', 'A', '2020-03-19', 0),
('A314202003191112', '1 ชั่วโมง', '11:00:00', '12:00:00', 'A314', 'A', '2020-03-19', 0),
('A314202003191213', '1 ชั่วโมง', '12:00:00', '13:00:00', 'A314', 'A', '2020-03-19', 0),
('A314202003191314', '1 ชั่วโมง', '13:00:00', '14:00:00', 'A314', 'A', '2020-03-19', 0),
('A314202003191415', '1 ชั่วโมง', '14:00:00', '15:00:00', 'A314', 'A', '2020-03-19', 0),
('A314202003191516', '1 ชั่วโมง', '15:00:00', '16:00:00', 'A314', 'A', '2020-03-19', 0),
('A314202003191617', '1 ชั่วโมง', '16:00:00', '17:00:00', 'A314', 'A', '2020-03-19', 0),
('A314202003200809', '1 ชั่วโมง', '08:00:00', '09:00:00', 'A314', 'A', '2020-03-20', 0),
('A314202003200910', '1 ชั่วโมง', '09:00:00', '10:00:00', 'A314', 'A', '2020-03-20', 0),
('A314202003201011', '1 ชั่วโมง', '10:00:00', '11:00:00', 'A314', 'A', '2020-03-20', 0),
('A314202003201112', '1 ชั่วโมง', '11:00:00', '12:00:00', 'A314', 'A', '2020-03-20', 0),
('A314202003201213', '1 ชั่วโมง', '12:00:00', '13:00:00', 'A314', 'A', '2020-03-20', 0),
('A314202003201314', '1 ชั่วโมง', '13:00:00', '14:00:00', 'A314', 'A', '2020-03-20', 0),
('A314202003201415', '1 ชั่วโมง', '14:00:00', '15:00:00', 'A314', 'A', '2020-03-20', 0),
('A314202003201516', '1 ชั่วโมง', '15:00:00', '16:00:00', 'A314', 'A', '2020-03-20', 0),
('A314202003201617', '1 ชั่วโมง', '16:00:00', '17:00:00', 'A314', 'A', '2020-03-20', 0);

-- --------------------------------------------------------

--
-- Table structure for table `room`
--

CREATE TABLE `room` (
  `room_number` varchar(5) COLLATE utf8_unicode_ci NOT NULL,
  `building` varchar(5) COLLATE utf8_unicode_ci NOT NULL,
  `count_use` int(255) NOT NULL,
  `floor` int(5) NOT NULL,
  `room_name` varchar(50) COLLATE utf8_unicode_ci NOT NULL
) ENGINE=InnoDB DEFAULT CHARSET=utf8 COLLATE=utf8_unicode_ci;

--
-- Dumping data for table `room`
--

INSERT INTO `room` (`room_number`, `building`, `count_use`, `floor`, `room_name`) VALUES
('A303', 'A', 30, 3, 'study room'),
('A304', 'A', 30, 3, 'study room'),
('A310', 'A', 30, 3, 'study room'),
('A313', 'A', 30, 3, 'study room'),
('A314', 'A', 30, 3, 'study room'),
('A409', 'A', 30, 4, 'study room'),
('A411', 'A', 30, 4, 'study room'),
('A412', 'A', 30, 4, 'study room'),
('A413', 'A', 30, 4, 'study room'),
('A414', 'A', 30, 4, 'study room'),
('A415', 'A', 30, 4, 'study room'),
('A416', 'A', 30, 4, 'study room'),
('A601', 'A', 80, 6, 'lecher room'),
('A602', 'A', 80, 6, 'lecher room'),
('A603', 'A', 120, 6, 'conference room'),
('A604', 'A', 40, 6, 'Mac room');

-- --------------------------------------------------------

--
-- Table structure for table `students`
--

CREATE TABLE `students` (
  `student_id` varchar(15) COLLATE utf8_unicode_ci NOT NULL,
  `pass` varchar(32) COLLATE utf8_unicode_ci NOT NULL,
  `student_first_name` varchar(200) COLLATE utf8_unicode_ci NOT NULL,
  `major` varchar(5) COLLATE utf8_unicode_ci NOT NULL,
  `student_last_name` varchar(200) COLLATE utf8_unicode_ci NOT NULL
) ENGINE=InnoDB DEFAULT CHARSET=utf8 COLLATE=utf8_unicode_ci;

--
-- Dumping data for table `students`
--

INSERT INTO `students` (`student_id`, `pass`, `student_first_name`, `major`, `student_last_name`) VALUES
('001', '81dc9bdb52d04dc20036dbd8313ed055', 'numberone', 'IT', 'numberone'),
('002', '81dc9bdb52d04dc20036dbd8313ed055', 'numbertwo', 'BI', 'numbertwo'),
('59122037-1', '81dc9bdb52d04dc20036dbd8313ed055', 'จารุงพษ์', 'MT', 'สุธิกุลไพบูลย์'),
('59122156-9', '4fc848051e4459b8a6afeb210c3664ec', 'ทิศธร', 'MT', 'จรประดิษฐ์'),
('admin', '81dc9bdb52d04dc20036dbd8313ed055', 'root', 'super', 'admin');

--
-- Indexes for dumped tables
--

--
-- Indexes for table `rental_detail`
--
ALTER TABLE `rental_detail`
  ADD PRIMARY KEY (`rentid`),
  ADD KEY `student_id` (`student_id`),
  ADD KEY `room_number` (`room_number`);

--
-- Indexes for table `rental_time`
--
ALTER TABLE `rental_time`
  ADD PRIMARY KEY (`ID`),
  ADD KEY `room_number` (`room_number`);

--
-- Indexes for table `room`
--
ALTER TABLE `room`
  ADD PRIMARY KEY (`room_number`);

--
-- Indexes for table `students`
--
ALTER TABLE `students`
  ADD PRIMARY KEY (`student_id`);

--
-- Constraints for dumped tables
--

--
-- Constraints for table `rental_detail`
--
ALTER TABLE `rental_detail`
  ADD CONSTRAINT `rental_detail_ibfk_1` FOREIGN KEY (`student_id`) REFERENCES `students` (`student_id`),
  ADD CONSTRAINT `rental_detail_ibfk_2` FOREIGN KEY (`room_number`) REFERENCES `room` (`room_number`);

--
-- Constraints for table `rental_time`
--
ALTER TABLE `rental_time`
  ADD CONSTRAINT `rental_time_ibfk_1` FOREIGN KEY (`room_number`) REFERENCES `room` (`room_number`);
COMMIT;

/*!40101 SET CHARACTER_SET_CLIENT=@OLD_CHARACTER_SET_CLIENT */;
/*!40101 SET CHARACTER_SET_RESULTS=@OLD_CHARACTER_SET_RESULTS */;
/*!40101 SET COLLATION_CONNECTION=@OLD_COLLATION_CONNECTION */;
